NOME DO PRODUTO,DESCRIÇÃO,@LOGO,PREÇO,VOLUMETRIA
Anti-Blemish Solutions Clearing Gel,"Gel de tratamento diário que elimina a acne, promove sua cicatrização e previne seu surgimento",Clinique.ai,99,15 ml
Hidratante Anti-Acne Anti-Blemish Solutions All-Over Cleasing Treatment,Fórmula leve ajuda a tratar a acne existente e a prevenir futuras imperfeições.,Clinique.ai,69,30 ml
Sabonete Facial 3 Passos Sonic System,Sabão em espuma cremosa criado para seu Sonic Cleansing Brush.,Clinique.ai,29,30 ml
Hidratante Dramatically Different Moisturizing Lotion+ , Um hidratante desenvolvido por dermatologistas para manter o equilíbrio ideal de hidratação.,Clinique.ai,39,15 ml
Sabonete Líquido Liquid Facial Soap Mild,Sabonete líquido para peles secas e sensíveis. Prepara a pele para a ação esfoliante do produto Clarifying Lotion.,Clinique.ai,69,150 ml
Gel Hidratante Dramatically Different Moisturizing Gel,"Hidratante livre de óleo amacia, suaviza e aperfeiçoa a pele mantendo o seu equilíbrio.",Clinique.ai,105,50 ml
Hidratante Deep Comfort Hand and Cuticle Cream,Hidratante que restaura e fortalece a barreira de hidratação da pele contra agressores ambientais.,Clinique.ai,89,75 ml
Dramatically Different Moisturizing Lotion +, Um hidratante desenvolvido por dermatologistas para manter o equilíbrio ideal de hidratação.,Clinique.ai,105,50 ml
Clinique Kit Pore Solutions,Kit de preparação da pele com os queridinhos da Clinique para atingir uma pele perfeita. ,Clinique.ai,89,1 unid.
Age Defense BB Cream SPF30 Mini,"Com proteção solar, previne o aparecimento de sinais de idade e cobertura suficiente para cobrir qualquer imperfeição.",Clinique.ai,79,15 ml
Gel Hidratante Dramatically,"Hidratante livre de óleo amacia, suaviza e aperfeiçoa a pele mantendo o seu equilíbrio.",Clinique.ai,35,15 ml
,,,,
,,,,
,,,,
,,,,
,,,,
,,,,
,,,,
,,,,
,,,,
,,,,
,,,,
,,,,
,,,,
,,,,
,,,,
,,,,
,,,,
,,,,
,,,,
,,,,
,,,,
,,,,
,,,,
,,,,
,,,,
,,,,
,,,,
,,,,
,,,,
,,,,
,,,,
,,,,
,,,,
,,,,
,,,,
,,,,
,,,,
,,,,
,,,,
,,,,
,,,,
,,,,
,,,,
,,,,
,,,,
,,,,
,,,,
,,,,
,,,,
,,,,
,,,,
,,,,
,,,,
,,,,
,,,,
,,,,
,,,,
,,,,
,,,,
,,,,
,,,,
,,,,
,,,,
,,,,
,,,,
,,,,
,,,,
,,,,
,,,,
,,,,
,,,,
,,,,
,,,,
,,,,
,,,,
,,,,
,,,,
,,,,
,,,,
,,,,
,,,,
,,,,
,,,,
,,,,
,,,,
,,,,
,,,,
,,,,
,,,,
,,,,
,,,,
,,,,
,,,,
,,,,
,,,,
,,,,
,,,,
,,,,
,,,,
,,,,
,,,,
,,,,
,,,,
,,,,
,,,,
,,,,
,,,,
,,,,
,,,,
,,,,
,,,,
,,,,
,,,,
,,,,
,,,,
,,,,
,,,,
,,,,
,,,,
,,,,
,,,,
,,,,
,,,,
,,,,
,,,,
,,,,
,,,,
,,,,
,,,,
,,,,
,,,,
,,,,
,,,,
,,,,
,,,,
,,,,
,,,,
,,,,
,,,,
,,,,
,,,,
,,,,
,,,,
,,,,
,,,,
,,,,
,,,,
,,,,
,,,,
,,,,
,,,,
,,,,
,,,,
,,,,
,,,,
,,,,
,,,,
,,,,
,,,,
,,,,
,,,,
,,,,
,,,,
,,,,
,,,,
,,,,
,,,,
,,,,
,,,,
,,,,
,,,,
,,,,
,,,,
,,,,
,,,,
,,,,
,,,,
,,,,
,,,,